Id,IdCliente,Nome,Raca,Especie,HistoricoClinico,Nascimento
1,1,Miúdo,Pincher,Canina,"Lorem ipsum dolor sit amet, consectetur adipiscing elit. In urna lacus, vulputate ac erat non, tempus egestas enim. Quisque et velit venenatis lectus gravida sodales vitae at erat. Sed risus augue, eleifend eu quam eu, lobortis vestibulum felis. Mauris in eros iaculis, pulvinar eros non, interdum sem. Maecenas et purus euismod, feugiat ligula vel, malesuada lectus. Duis euismod interdum ipsum, dapibus tempus tellus ultricies non. Nullam sit amet malesuada ligula, lacinia rhoncus elit. Nam sit amet ultrices ex, eu mollis orci. Mauris in sapien lacinia, accumsan dui ut, imperdiet erat. Suspendisse eu dui dui. Mauris nec libero neque.

Nunc mauris ante, lacinia vel volutpat id, pulvinar id diam. Aliquam erat volutpat. Aliquam placerat egestas elit et pharetra. Ut blandit ligula ut arcu euismod, et accumsan lectus porttitor. Morbi eu dui eu tellus vulputate egestas in vel lectus. Sed ultrices orci mi, id eleifend sapien aliquet et. Aenean non tellus dictum, sollicitudin dui quis, congue nunc. Aliquam lorem tortor, finibus non nisi quis, lacinia sollicitudin est. Sed non arcu non lacus cursus mattis. Praesent a magna nibh. Aliquam vitae tincidunt quam. Sed feugiat pulvinar auctor. Duis fringilla purus elit, sed rutrum sem tincidunt ac. Nunc lobortis sodales tellus, at lacinia ante lacinia a.
",15/06/2015
2,1,Toddy,Siamês,Felino,----,12/03/0216
3,1,Mickey,SRD,Canina,"Achado na rua",
4,3,Tobby,SRD,Canina,"Sem registro",24/08/2013
5,2,Sucesso,York,Canina,"Phasellus congue tempus lorem, a luctus felis ultricies eget. Duis non vulputate elit. Curabitur eleifend arcu lacus, dictum pellentesque nisi aliquam vitae. Nam a felis ultrices urna volutpat imperdiet sed non urna. Suspendisse ullamcorper consectetur tristique. Sed fringilla sed arcu pretium posuere. Suspendisse vel pellentesque mauris, eget vulputate est. Fusce fringilla nisi ut turpis lobortis, sed viverra arcu sagittis. Praesent pharetra varius elit, et rhoncus justo mollis a. In rhoncus massa quam, et ultricies mauris placerat ut.

Nulla accumsan tempus arcu, a vehicula mauris efficitur at. Sed facilisis pretium urna, rutrum ultrices nisi eleifend et. Cras in lorem dictum, rhoncus ex non, volutpat dolor. Aenean pharetra at diam id ornare. Duis vel feugiat felis, in ornare orci. Aliquam at felis nec sapien ornare venenatis. Sed sodales mollis consequat. Quisque elit mi, pharetra at magna vel, cursus facilisis nunc. Proin in imperdiet mauris. Sed vulputate nibh eget facilisis porttitor. Donec vitae pretium felis. Mauris ullamcorper vestibulum augue, eu molestie metus cursus dictum. Cras mollis aliquam nulla at molestie. Donec urna elit, placerat vel sapien nec, dictum bibendum libero. Quisque quam eros, convallis sit amet lorem et, semper blandit nisi.

Fusce semper nisi at consequat porttitor. Nunc faucibus lacus felis, sit amet imperdiet elit rhoncus id. Nullam sed erat ipsum. Maecenas tempor leo nec massa commodo pretium. Proin rutrum justo nulla, sed scelerisque felis malesuada nec. Nulla porta arcu vel risus bibendum bibendum. Aenean vestibulum risus neque, quis mollis ligula bibendum id. Morbi sodales eleifend nisl at ullamcorper. Interdum et malesuada fames ac ante ipsum primis in faucibus. Suspendisse ultrices mi in nulla porttitor, sagittis ultricies nulla pellentesque. Vestibulum ante ipsum primis in faucibus orci luctus et ultrices posuere cubilia curae; Etiam sem justo, laoreet ut est vel, semper rhoncus lacus. Vestibulum quis tincidunt elit.",22/09/2013
6,3,GG,Labrador,Canina,"Lorem ipsum dolor sit amet, consectetur adipiscing elit. In urna lacus, vulputate ac erat non, tempus egestas enim. Quisque et velit venenatis lectus gravida sodales vitae at erat. Sed risus augue, eleifend eu quam eu, lobortis vestibulum felis. Mauris in eros iaculis, pulvinar eros non, interdum sem. Maecenas et purus euismod, feugiat ligula vel, malesuada lectus. Duis euismod interdum ipsum, dapibus tempus tellus ultricies non. Nullam sit amet malesuada ligula, lacinia rhoncus elit. Nam sit amet ultrices ex, eu mollis orci. Mauris in sapien lacinia, accumsan dui ut, imperdiet erat. Suspendisse eu dui dui. Mauris nec libero neque.
Fusce semper nisi at consequat porttitor. Nunc faucibus lacus felis, sit amet imperdiet elit rhoncus id. Nullam sed erat ipsum. Maecenas tempor leo nec massa commodo pretium. Proin rutrum justo nulla, sed scelerisque felis malesuada nec. Nulla porta arcu vel risus bibendum bibendum. Aenean vestibulum risus neque, quis mollis ligula bibendum id. Morbi sodales eleifend nisl at ullamcorper. Interdum et malesuada fames ac ante ipsum primis in faucibus. Suspendisse ultrices mi in nulla porttitor, sagittis ultricies nulla pellentesque. Vestibulum ante ipsum primis in faucibus orci luctus et ultrices posuere cubilia curae; Etiam sem justo, laoreet ut est vel, semper rhoncus lacus. Vestibulum quis tincidunt elit.",
